https://hospitalnavigation.netlify.app/start/?start=Wing_D_North_Parking_Garage_Entrance,Wing_D_North_Parking_Garage_Entrance.png,Wing D North Parking Garage Entrance
https://hospitalnavigation.netlify.app/start/?start=South_Limestone_Entrance_A,South_Limestone_Entrance_A.png,South Limestone Entrance A
https://hospitalnavigation.netlify.app/start/?start=South_Limestone_Entrance_B,South_Limestone_Entrance_B.png,South Limestone Entrance B
https://hospitalnavigation.netlify.app/start/?start=South_Limestone_Entrance_A,South_Limestone_Entrance_A.png,Rose Street Entrance
https://hospitalnavigation.netlify.app/start/?start=Rose_Street_Entrance,Rose_Street_Entrance.png,University Health Services Entrance
https://hospitalnavigation.netlify.app/start/?start=1st_Floor_Main_Entrance,1st_Floor_Main_Entrance.png,1st Floor Main Entrance
https://hospitalnavigation.netlify.app/start/?start=Charles_T._Wethington_Building_Entrance,Charles_T._Wethington_Building_Entrance.png,Charles T. Wethington Building Entrance
https://hospitalnavigation.netlify.app/start/?start=2nd_Floor_Main_Entrance,2nd_Floor_Main_Entrance.png,2nd Floor Main Entrance
https://hospitalnavigation.netlify.app/start/?start=University_Health_Services_Bridge_Entrance,University_Health_Services_Bridge_Entrance.png,University Health Services Bridge Entrance
https://hospitalnavigation.netlify.app/start/?start=A.B._Chandler_Bridge_Entrance,A.B._Chandler_Bridge_Entrance.png,A.B. Chandler Bridge Entrance
https://hospitalnavigation.netlify.app/start/?start=3rd_Floor_Parking_Garage_Entrance,3rd_Floor_Parking_Garage_Entrance.png,3rd Floor Parking Garage Entrance
https://hospitalnavigation.netlify.app/start/?start=4th_Floor_Parking_Garage_Entrance,4th_Floor_Parking_Garage_Entrance.png,4th Floor Parking Garage Entrance
https://hospitalnavigation.netlify.app/start/?start=5th_Floor_Parking_Garage_Entrance,5th_Floor_Parking_Garage_Entrance.png,5th Floor Parking Garage Entrance
